article,type
https://www.dailymail.co.uk/femail/article-6087587/Paranormal-UK-spends-three-nights-Britains-haunted-prison-ghost-hunting.html,female
https://www.dailymail.co.uk/femail/article-6090051/Normal-childhood-worries-serious.html,female
https://www.dailymail.co.uk/femail/article-6091435/From-sleep-treatments-dose-magnesium-eight-steps-stressing-life.html,female
https://www.dailymail.co.uk/femail/article-6105543/Meghan-Markles-screen-dad-Wendell-Pierce-told-call-fishbowl-starts-getting-you.html,female
https://www.dailymail.co.uk/femail/article-6107653/How-tell-holiday-fling-REAL-thing.html,female
https://www.dailymail.co.uk/femail/article-6107719/Starbucks-launches-Pumpkin-Spice-Latte-August-28-2018.html,female
https://www.dailymail.co.uk/femail/article-6109787/Celebrity-clients-clinic-British-woman-underwent-fatal-surgery.html,female
https://www.dailymail.co.uk/femail/article-6111127/Wellness-guru-reveals-shes-launched-Glow-Bar-set-1m-turnover.html,female
https://www.dailymail.co.uk/femail/article-6112535/How-rescue-holiday-ravaged-hair-home.html,female
https://www.dailymail.co.uk/femail/article-6113647/Good-Morning-Britain-viewers-left-stitches-Joe-Swash-Alex-Beresford-don-crop-tops.html,female
https://www.dailymail.co.uk/femail/article-6114339/Woman-reveals-like-DIE-flat-lined-brain-surgery.html,female
https://www.dailymail.co.uk/femail/article-6114631/German-woman-works-sexual-assistant-elderly-disabled.html,female
https://www.dailymail.co.uk/femail/article-6115057/Daniel-Price-founder-Years-talks-losing-father-13inspired-him.html,female
https://www.dailymail.co.uk/femail/article-6115283/Viewers-heartbreak-Victoria-Pendleton-moment-forced-abandon-Mount-Everest-climb.html,female
https://www.dailymail.co.uk/femail/article-6115973/Serena-Williams-daughter-Alexis-Olympia-wears-tutu-dress-just-like-mom.html,female
https://www.dailymail.co.uk/femail/article-6117673/Woman-29-earned-53-000-going-dates-strangers.html,female
https://www.dailymail.co.uk/femail/article-6117761/Proof-Jessica-Mulroney-chose-mini-dress-Meghan.html,female
https://www.dailymail.co.uk/femail/article-6117871/Dont-Tell-Bride-groom-wearing-ring-wedding.html,female
https://www.dailymail.co.uk/femail/article-6117945/Swedish-palace-releases-two-new-portraits-Prince-Gabriel-birthday.html,female
https://www.dailymail.co.uk/femail/article-6118253/Parents-baby-terminal-cancer-bring-wedding-forward.html,female
https://www.dailymail.co.uk/femail/article-6118365/Hundreds-social-media-share-frustrating-things-name.html,female
https://www.dailymail.co.uk/femail/article-6118581/Pregnant-Pippa-Middleton-looks-chic-enjoys-cycle-ride-London.html,female
https://www.dailymail.co.uk/femail/article-6118603/Several-women-reveal-passionate-kissing-gone-relationship.html,female
https://www.dailymail.co.uk/femail/article-6118853/Mother-welcomed-twins-three-years-ago-expecting-two-babies-AGAIN.html,female
https://www.dailymail.co.uk/femail/article-6118877/Balenciaga-gets-inspiration-Joey-Tribiani-Friends-9-000-coat.html,female
https://www.dailymail.co.uk/femail/article-6119251/Women-copying-Kylie-Jenner-dissolving-lip-fillers.html,female
https://www.dailymail.co.uk/femail/article-6119319/11-year-old-boy-goes-viral-flawlessly-lip-syncing-Telephone.html,female
https://www.dailymail.co.uk/femail/article-6119425/Ivanka-Trump-keeps-camera-way-work.html,female
https://www.dailymail.co.uk/femail/article-6124267/Where-budget-version-seasons-hottest-fashion-trend-powder-blue-tote-bags.html,female
https://www.dailymail.co.uk/femail/article-6124959/Is-just-suffering-TV-tyranny-asks-LAURA-FREEMAN.html,female
https://www.dailymail.co.uk/femail/article-6126851/New-look-like-dog-game-encourages-users-team-people-matching-pooch.html,female
https://www.dailymail.co.uk/femail/article-6129259/Couple-tie-knot-Viking-wedding-nearly-1-000-years.html,female
https://www.dailymail.co.uk/femail/article-6129363/Modern-women-taste-1960s-factory-life.html,female
https://www.dailymail.co.uk/femail/article-6129433/Pioneering-software-reveals-Kate-Harry-Meghan-look-like-60s.html,female
https://www.dailymail.co.uk/femail/article-6129683/Mind-boggling-puzzle-challenges-changed-near-identical-drawings.html,female
https://www.dailymail.co.uk/femail/article-6130261/Undercover-Girlfriends-viewers-left-gobsmacked-contestants-revealing-swimsuit.html,female
https://www.dailymail.co.uk/femail/article-6130805/Brand-unveils-65-copy-Kates-popular-dress.html,female
https://www.dailymail.co.uk/femail/article-6131979/90-Michael-Kors-ballet-pumps-crowned-UKs-favourite-shoe.html,female
https://www.dailymail.co.uk/femail/article-6133515/French-influencer-ties-knot-stylish-wedding.html,female
https://www.dailymail.co.uk/femail/article-6133895/Swedish-glamour-model-defends-dream-having-worlds-biggest-bottom.html,female
https://www.dailymail.co.uk/femail/article-6134145/Queen-Letizia-Spain-King-Felipe-come-face-face-bull-agriculture-fair.html,female
https://www.dailymail.co.uk/femail/article-6134501/Mother-mistakenly-believes-mortified-son-STI-stye.html,female
https://www.dailymail.co.uk/femail/article-6134719/Security-expert-warns-parents-NOT-posting-childrens-school-pictures.html,female
https://www.dailymail.co.uk/femail/article-6138303/Bark-com-launches-ADULTING-courses-millennials.html,female
https://www.dailymail.co.uk/femail/article-6138505/Princess-Margaret-wasnt-educated-Queen.html,female
https://www.dailymail.co.uk/femail/article-6139059/Holly-Willoughby-swaps-high-street-wardrobe-high-end.html,female
https://www.dailymail.co.uk/femail/article-6142669/Fans-Forties-attend-Goodwood-Revival-festival.html,female
https://www.dailymail.co.uk/femail/article-6142713/Kent-mother-baby-boy-born-astonishing-black-locks-reveals-NO-plans-cut-it.html,female
https://www.dailymail.co.uk/femail/article-6142763/Prince-Carl-Philip-Princess-Sofia-Sweden-reunited-runaway-dog.html,female
https://www.dailymail.co.uk/femail/article-6142875/Etiquette-expert-William-Hanson-reveals-lady-tramp-school-run.html,female
https://www.dailymail.co.uk/femail/article-6143223/Mia-Tindall-joins-Zara-sister-Lena-horse-trials-Gloucestershire.html,female
https://www.dailymail.co.uk/femail/article-6148003/Student-feeling-run-discovers-pregnant.html,female
https://www.dailymail.co.uk/femail/article-6148067/Meghan-Markles-dog-Guy-beagle-written-book.html,female
https://www.dailymail.co.uk/femail/article-6148113/Her-Majesty-joined-Theresa-Crathie-Kirk-Church.html,female
https://www.dailymail.co.uk/femail/article-6148551/Steph-Dom-solve-sex-love-life-troubles.html,female
https://www.dailymail.co.uk/femail/article-6148603/How-dress-like-grown-Sarah-Bailey.html,female
https://www.dailymail.co.uk/femail/article-6148625/The-one-lesson-Ive-learned-life-Heather-Watson-says-never-afraid-say-no.html,female
https://www.dailymail.co.uk/femail/article-6148933/Food-writer-SARAH-RAINEY-asks-really-make-tasty-cake-kale.html,female
https://www.dailymail.co.uk/femail/article-6149013/No-gym-required-athleisure-trend-say-heres-smash-look.html,female
https://www.dailymail.co.uk/femail/article-6150129/Mother-two-turns-160k-YEAR-house-cleaning-business.html,female
https://www.dailymail.co.uk/femail/article-6150409/Woman-receives-35-000-applications-job-looking-cat-island.html,female
https://www.dailymail.co.uk/femail/article-6150623/Psychic-Sally-Morgan-branded-insensitive-bragging-predicted-Princess-Dianas-death.html,female
https://www.dailymail.co.uk/femail/article-6150883/Queen-Maxima-Netherlands-attends-financial-workshop-Hague.html,female
https://www.dailymail.co.uk/femail/article-6150949/How-fans-finally-beat-ticket-touts.html,female
https://www.dailymail.co.uk/femail/article-6151077/Phillip-Schofield-left-hysterics-rude-gaffe-5-Gold-Rings.html,female
https://www.dailymail.co.uk/femail/article-6151313/Eugenies-catering-manager-organised-Beckhams-wedding.html,female
https://www.dailymail.co.uk/femail/article-6151393/People-reveal-ridiculous-things-believed-children-hilarious-Twitter-thread.html,female
https://www.dailymail.co.uk/femail/article-6153293/Viral-Twitter-photo-proves-parents-going-holiday-same.html,female
https://www.dailymail.co.uk/femail/article-6153427/Lawyer-reveals-spending-six-months-year-apart-husband-strengthened-relationship.html,female
https://www.dailymail.co.uk/femail/article-6153805/Mother-lost-daughter-SMA-hits-Instagrammers-using-baby-money.html,female
https://www.dailymail.co.uk/femail/article-6153867/Model-22-shares-confronting-photo-fighting-life-following-suicide-attempt.html,female
https://www.dailymail.co.uk/femail/article-6153877/App-ShopJam-helps-shoppers-slash-grocery-bills-half-save-bundles-time.html,female
https://www.dailymail.co.uk/femail/food/article-6142603/M-S-unveils-sneak-peek-festive-food-range.html,female
https://www.dailymail.co.uk/femail/food/article-6150545/Waitrose-hilariously-mocked-list-storecupboard-essentials-STUDENTS.html,female
https://www.dailymail.co.uk/femail/index.rss,female
https://www.dailymail.co.uk/money/article-6130477/Sending-child-private-school-cost-family-average-ten-times-average-salary.html,money
https://www.dailymail.co.uk/money/beatthescammers/article-6150709/How-safe-online-banking-Three-things-know.html,money
https://www.dailymail.co.uk/money/beatthescammers/article-6150835/The-tricks-stop-internet-scammers-tracks.html,money
https://www.dailymail.co.uk/money/bills/article-1591904/50-ways-save-money.html,money
https://www.dailymail.co.uk/money/buytolet/article-6063461/HMOS.html,money
https://www.dailymail.co.uk/money/buytolet/article-6138253/Government-closer-banning-rip-letting-agent-fees.html,money
https://www.dailymail.co.uk/money/cardsloans/article-6131989/Shoppers-billed-twice-Card-terminals-took-duplicate-payments-computer-glitch.html,money
https://www.dailymail.co.uk/money/cars/article-6138267/A-1979-Lada-Niva-estimated-sell-75-000-goes-just-4K.html,money
https://www.dailymail.co.uk/money/cars/article-6138841/Volkswagen-RECEIVES-compensation-dieselgate-row.html,money
https://www.dailymail.co.uk/money/cars/article-6141165/No-suspect-identified-three-quarters-vehicle-theft-cases-analysis-finds.html,money
https://www.dailymail.co.uk/money/cars/article-6143979/RAY-MASSEY-Reborn-reincarnation-series-cars-produced-Jaguar-Land-Rovers-Classic-Works.html,money
https://www.dailymail.co.uk/money/celebritymoney/article-6146281/How-inventor-Shaun-spent-98k-patents-hairbrush-got-brush-TVs-Dragons.html,money
https://www.dailymail.co.uk/money/comment/article-6129985/Paul-Pesters-TSB-tribulations-old-banks-tech-gurus-top.html,money
https://www.dailymail.co.uk/money/comment/article-6145993/JEFF-PRESTRIDGE-Isa-market-broken-despite-strong-financial-picture-thats-shameful.html,money
https://www.dailymail.co.uk/money/comment/article-6146325/HAMISH-MCRAE-Brexit-masks-deeper-problems-save-retirement-NHS-funding.html,money
https://www.dailymail.co.uk/money/comment/article-6149125/RUTH-SUNDERLAND-Brexit-lesson-MPs-ignore-looking-plight-towns-like-Redcar.html,money
https://www.dailymail.co.uk/money/comment/article-6152141/MAGGIE-PAGANO-John-Lewis-boss-Sir-Charlie-Mayfield-frank-challenges-industry-face.html,money
https://www.dailymail.co.uk/money/diyinvesting/article-1718291/Pick-best-cheapest-investment-Isa-platform.html,money
https://www.dailymail.co.uk/money/diyinvesting/article-4361360/How-invest-Isa-quickly-easily.html,money
https://www.dailymail.co.uk/money/diyinvesting/article-6131797/THE-PRUDENT-INVESTOR-fund-sold-six-months-ago-soared-10.html,money
https://www.dailymail.co.uk/money/experts/article-6132003/ASK-TONY-Halifax-making-hard-close-late-wifes-ISAs.html,money
https://www.dailymail.co.uk/money/experts/article-6146065/TONY-HETHERINGTON-Dodgy-Amazon-dealer-picks-wrong-man.html,money
https://www.dailymail.co.uk/money/howmoneyworks/article-3177112/How-money-need-save-pension.html,money
https://www.dailymail.co.uk/money/howmoneyworks/article-5921415/Our-pick-best-buy-savings-mortgage-credit-card-deals.html,money
https://www.dailymail.co.uk/money/howmoneyworks/article-6091005/What-no-deal-Brexit-plan-mean-personal-finances.html,money
https://www.dailymail.co.uk/money/investing/article-4367938/50-best-funds-investment-trusts.html,money
https://www.dailymail.co.uk/money/investing/article-6144055/INVESTMENT-EXTRA-Small-beautiful-Fundsmith-founder-Terry-Smith.html,money
https://www.dailymail.co.uk/money/investing/article-6146063/BAILLIE-GIFFORD-UK-GROWTH-Trusts-new-image-starts-pay-investors-shares-rise.html,money
https://www.dailymail.co.uk/money/investing/article-6146579/MIDAS-SHARE-TIPS-invest-PCF-Group-bank-thats-horsebox-expert.html,money
https://www.dailymail.co.uk/money/investing/article-6146607/MIDAS-SHARE-TIPS-UPDATE-Retailer-Joules-gives-investors-funds-welly.html,money
https://www.dailymail.co.uk/money/markets/article-6126481/The-Sainsburys-Asda-mega-merger-blocked-watchdog-concerns.html,money
https://www.dailymail.co.uk/money/markets/article-6140027/Experts-warn-millions-workers-sleepwalking-poverty-retirement.html,money
https://www.dailymail.co.uk/money/markets/article-6144131/JP-Morgan-warns-financial-crisis-triggered-robot-trading-systems-malfunction.html,money
https://www.dailymail.co.uk/money/markets/article-6144137/SHARE-PUNT-WEEK-Compare-looking-expand-outside-traditional-insurance-stronghold.html,money
https://www.dailymail.co.uk/money/markets/article-6146289/Scandal-hit-Telit-Communications-targeted-1bn-internet-merger-Sierra-Wireless.html,money
https://www.dailymail.co.uk/money/markets/article-6146291/A-hot-summer-rings-cheer-pub-chain-Wetherspoon-profits-set-forecast-108-1m.html,money
https://www.dailymail.co.uk/money/markets/article-6146293/Chief-dressmaker-Temperley-quits-difficult-family-reasons.html,money
https://www.dailymail.co.uk/money/markets/article-6146295/Mobile-phone-network-Giffgaffs-Gaffer-poached-run-tradesman-search-website-Checkatrade.html,money
https://www.dailymail.co.uk/money/markets/article-6146321/Lord-Ashcroft-bets-2-7m-make-wine-sparkle-hot-summer-paves-way-bumper-crop.html,money
https://www.dailymail.co.uk/money/markets/article-6146323/Peppa-Pig-TV-firm-faces-SECOND-shareholder-revolt-bosss-62-pay-rise-just-3-years.html,money
https://www.dailymail.co.uk/money/markets/article-6148731/Co-op-steps-funeral-price-war-pledge-undercut-rivals.html,money
https://www.dailymail.co.uk/money/markets/article-6152083/Debenhams-plunged-turmoil-15-9m-wiped-value.html,money
https://www.dailymail.co.uk/money/markets/article-6152087/High-flyer-gave-job-look-children-appointed-Aston-Martins-female-chairman.html,money
https://www.dailymail.co.uk/money/markets/article-6152123/Volvo-pulls-plans-list-Stockholm-global-trade-war-dents-automotive-stocks.html,money
https://www.dailymail.co.uk/money/markets/article-6152133/Sir-Martin-Sorrell-expected-return-London-Stock-Exchange-weeks.html,money
https://www.dailymail.co.uk/money/markets/article-6152169/MARKET-REPORT-Plastic-firm-RPC-rallies-hedge-funds-step-in.html,money
https://www.dailymail.co.uk/money/markets/article-6152469/Akzo-Nobel-takes-skies-partnership-aeroplane-maker-Embraer.html,money
https://www.dailymail.co.uk/money/mortgageshome/article-1596759/Ten-tips-buy-let.html,money
https://www.dailymail.co.uk/money/mortgageshome/article-1687576/What-mortgage-rates.html,money
https://www.dailymail.co.uk/money/mortgageshome/article-6130709/How-Help-Buy-loan-took-daughter.html,money
https://www.dailymail.co.uk/money/mortgageshome/article-6131611/Help-Buy-left-trapped.html,money
https://www.dailymail.co.uk/money/mortgageshome/article-6142583/House-prices-remain-steady-despite-August-rate-rise.html,money
https://www.dailymail.co.uk/money/mortgageshome/article-6145751/Why-wealthy-homebuyers-love-rectory-classic-British-village-homes-hot-demand.html,money
https://www.dailymail.co.uk/money/mortgageshome/article-6145771/Gone-fishing-track-ideal-riverside-property-anglers.html,money
https://www.dailymail.co.uk/money/mortgageshome/article-6148729/House-price-growth-set-drop-halve-1-6-economists-warn.html,money
https://www.dailymail.co.uk/money/news/article-6146045/Why-Oxford-academic-suing-Royal-London-100-000-murder-mother.html,money
https://www.dailymail.co.uk/money/news/article-6146171/Holiday-villa-fraudsters-conned-clients-2-8m-jailed-total-17-years.html,money
https://www.dailymail.co.uk/money/news/article-6146229/As-hackers-steal-details-380-000-BA-customers-step-inside-Britains-cyber-security-HQ.html,money
https://www.dailymail.co.uk/money/news/article-6146287/The-high-street-gears-toughest-Christmas-period-living-memory.html,money
https://www.dailymail.co.uk/money/news/article-6146297/MPs-quiz-bank-bosses-impact-Brexit-financial-services.html,money
https://www.dailymail.co.uk/money/news/article-6146299/Meet-Maverick-Mauritius-runs-18bn-fund-firm-beach.html,money
https://www.dailymail.co.uk/money/news/article-6146327/Britains-biggest-water-firms-pay-1bn-dividends-fix-leak.html,money
https://www.dailymail.co.uk/money/news/article-6146343/Nestl-blames-32-dent-UK-profits-sterlings-slide-costlier-imports.html,money
https://www.dailymail.co.uk/money/news/article-6146347/Murdochs-ditch-assault-Sky-battle-Mogul-hires-lobbyists-help-seal-TV-megadeal.html,money
https://www.dailymail.co.uk/money/news/article-6148727/Lord-Mandelson-backtracks-criticism-former-Barclays-boss-Bob-Diamond.html,money
https://www.dailymail.co.uk/money/pensions/article-6109823/Is-ex-bilking-emergency-tax-refund-pension-cash.html,money
https://www.dailymail.co.uk/money/pensions/article-6130445/Will-council-force-sell-house-cover-dads-care-bills.html,money
https://www.dailymail.co.uk/money/pensions/article-6138617/I-offered-annuity-rate-25-good-true.html,money
https://www.dailymail.co.uk/money/podcast/article-6144121/What-teach-student-money-Money-podcast.html,money
https://www.dailymail.co.uk/money/saving/article-6131715/Is-child-sitting-2-000-windfall.html,money
https://www.dailymail.co.uk/money/saving/article-6144069/Our-exclusive-survey-shows-banks-failing-pass-base-rate-rises-savers.html,money
https://www.dailymail.co.uk/money/saving/article-6150625/How-share-data-safely-open-banking.html,money
https://www.dailymail.co.uk/money/smallbusiness/article-6110083/Flight-sharing-site-Wingly-lets-low-cost-private-planes.html,money
https://www.dailymail.co.uk/money/studentfinance/article-4779186/The-best-student-bank-accounts-2017-s-freshers.html,money
https://www.dailymail.co.uk/money/studentfinance/article-6127419/What-teach-kids-money-leave-university.html,money
https://www.dailymail.co.uk/money/wealthcheck/article-6135095/Money-Pit-Stop-want-buy-forever-home-five-years.html,money
https://www.dailymail.co.uk/sciencetech/article-3072501/The-best-one-speaker-ll-hear-Naim-Mu-wireless-speaker-review.html,sciencetech
https://www.dailymail.co.uk/sciencetech/article-3259916/Rise-Tomb-Raider-Interview-Lead-designer-Mike-Brinker-reveals-Lara-Croft-multi-faceted-character.html,sciencetech
https://www.dailymail.co.uk/sciencetech/article-3522470/Quantum-Break-broken-Xbox-One-s-time-travel-epic-game-disappointing-disjointed-parts.html,sciencetech
https://www.dailymail.co.uk/sciencetech/article-3552959/The-hi-tech-2-000-spin-bike-really-change-life.html,sciencetech
https://www.dailymail.co.uk/sciencetech/article-3605724/The-1-000-wireless-speaker-really-worth-price-Naim-Mu-Qb-review.html,sciencetech
https://www.dailymail.co.uk/sciencetech/article-4117892/Is-really-worth-paying-280-Switch-MailOnline-gives-verdict-Nintendo-s-latest-console.html,sciencetech
https://www.dailymail.co.uk/sciencetech/article-4260654/Fresh-masterfully-crafted-Horizon-Zero-Dawn-perfect.html,sciencetech
https://www.dailymail.co.uk/sciencetech/article-4897404/iPhone-8-best-handset-Apple-made.html,sciencetech
https://www.dailymail.co.uk/sciencetech/article-4900846/Apple-Watch-Series-3-review.html,sciencetech
https://www.dailymail.co.uk/sciencetech/article-4990648/A-real-contender-iPhone-8-Google-Pixel-2-review.html,sciencetech
https://www.dailymail.co.uk/sciencetech/article-5019059/Slick-smart-smutty-South-Park-Fractured-perfect-sequel.html,sciencetech
https://www.dailymail.co.uk/sciencetech/article-5033829/It-really-does-X-appeal-Apple-s-iPhone-X-review.html,sciencetech
https://www.dailymail.co.uk/sciencetech/article-5094607/Review-Shinola-tries-banish-Beats-headphones.html,sciencetech
https://www.dailymail.co.uk/sciencetech/article-5221679/Naim-Atom-Hifi-change-way-listen-music.html,sciencetech
https://www.dailymail.co.uk/sciencetech/article-6000783/Scientists-discover-unusual-whale-dolphin-hybrid-swimming-coast-Kauai.html,sciencetech
https://www.dailymail.co.uk/sciencetech/article-6011089/WhatsApp-just-launched-four-person-group-video-calling-users-Android-iOS.html,sciencetech
https://www.dailymail.co.uk/sciencetech/article-6011883/Want-happy-DONT-make-plans-free-time-researchers-say.html,sciencetech
https://www.dailymail.co.uk/sciencetech/article-6016285/95-lemur-population-facing-extinction-conservationists.html,sciencetech
https://www.dailymail.co.uk/sciencetech/article-6020911/The-oldest-meteorite-4-65m-year-old-space-rock-reveal-secrets-solar-system.html,sciencetech
https://www.dailymail.co.uk/sciencetech/article-6022861/Apple-Music-Spotify-finally-wiping-illegal-music-downloads-UK.html,sciencetech
https://www.dailymail.co.uk/sciencetech/article-6023769/Make-really-DOES-make-attractive.html,sciencetech
https://www.dailymail.co.uk/sciencetech/article-6029357/Elon-Musk-tweets-hilarious-parody-video-Hitler-shorting-Tesla-stock.html,sciencetech
https://www.dailymail.co.uk/sciencetech/article-6031363/Google-funding-campaign-group-spams-policymakers-newspapers.html,sciencetech
https://www.dailymail.co.uk/sciencetech/article-6031521/Foxes-pet-trend-scientists-discover-one-genes-involved-aggression.html,sciencetech
https://www.dailymail.co.uk/sciencetech/article-6034427/China-tested-hypersonic-aircraft-called-Starry-Sky-2-fire-nuclear-missiles.html,sciencetech
https://www.dailymail.co.uk/sciencetech/article-6036589/Scientists-discover-number-tornadoes-dropped-Arctic-sea-ice-retreats.html,sciencetech
https://www.dailymail.co.uk/sciencetech/article-6036669/Hyperloop-build-500-million-research-centre-Spain.html,sciencetech
https://www.dailymail.co.uk/sciencetech/article-6041247/How-best-meteor-shower-year-Perseids-peak-weekend.html,sciencetech
https://www.dailymail.co.uk/sciencetech/article-6046591/Elon-Musk-intensifying-scrutiny-SEC.html,sciencetech
https://www.dailymail.co.uk/sciencetech/article-6046751/FBI-scam-WARNING-Bureau-claims-hackers-using-Facebook-Messenger.html,sciencetech
https://www.dailymail.co.uk/sciencetech/article-6046945/Homo-erectus-went-extinct-lazy-new-research-reveals.html,sciencetech
https://www.dailymail.co.uk/sciencetech/article-6054495/Conspiracy-theorists-spot-bizarre-circular-shape-Gobi-desert-Google-Maps.html,sciencetech
https://www.dailymail.co.uk/sciencetech/article-6054643/Brightest-Perseids-Meteor-Shower-revealed-stunning-new-photos.html,sciencetech
https://www.dailymail.co.uk/sciencetech/article-6055207/New-species-pterodactyl-vampire-like-fangs-roamed-skies-Utah.html,sciencetech
https://www.dailymail.co.uk/sciencetech/article-6055909/This-optical-illusion-help-diagnose-autism-seconds.html,sciencetech
https://www.dailymail.co.uk/sciencetech/article-6057179/Security-vulnerability-Amazon-Echo-devices-let-hackers-spy-you.html,sciencetech
https://www.dailymail.co.uk/sciencetech/article-6061167/Heatwave-reveals-hidden-archaeological-sites-England.html,sciencetech
https://www.dailymail.co.uk/sciencetech/article-6062617/Nasas-New-Horizons-spacecraft-spotted-hydrogen-wall-Solar-System.html,sciencetech
https://www.dailymail.co.uk/sciencetech/article-6066133/Pollen-allergy-test-Victor-polar-bear.html,sciencetech
https://www.dailymail.co.uk/sciencetech/article-6068677/Google-clarifies-tracks-users-pause-location-history.html,sciencetech
https://www.dailymail.co.uk/sciencetech/article-6070163/Thousands-tarantula-babies-emerge-egg-sac-gruesome-footage.html,sciencetech
https://www.dailymail.co.uk/sciencetech/article-6070243/Watch-incredible-moment-daredevil-jumps-summit-Eiger-mountain-Switzerland.html,sciencetech
https://www.dailymail.co.uk/sciencetech/article-6070323/Twitter-continues-cull-users-bid-clean-platform.html,sciencetech
https://www.dailymail.co.uk/sciencetech/article-6070373/Mysterious-X-37B-unmanned-Nasa-space-plane-nears-one-year-orbit.html,sciencetech
https://www.dailymail.co.uk/sciencetech/article-6070973/Bronze-age-hoard-potentially-worth-hundreds-thousands-pounds-discovered-Norfolk.html,sciencetech
https://www.dailymail.co.uk/sciencetech/article-6072229/1300-holographic-AI-wife-chat-paying-14-month-living-expenses.html,sciencetech
https://www.dailymail.co.uk/sciencetech/article-6082223/Autistic-grandad-spends-30-000-three-months-building-worlds-F-35B-flight-simulator.html,sciencetech
https://www.dailymail.co.uk/sciencetech/article-6083461/The-moon-bricks-lunar-dust-build-mankinds-home-planet.html,sciencetech
https://www.dailymail.co.uk/sciencetech/article-6084115/Ukrainian-DEMON-drone-fitted-guns-explosives-rocket-propelled-grenades.html,sciencetech
https://www.dailymail.co.uk/sciencetech/article-6086487/Prehistoric-love-child-Neanderthal-Denisovan-unearthed-Russian-cave.html,sciencetech
https://www.dailymail.co.uk/sciencetech/article-6086837/Stunning-footage-shows-tiny-lobster-krill-Gentoo-penguins-13-times-size.html,sciencetech
https://www.dailymail.co.uk/sciencetech/article-6087321/Napoleons-defeat-Waterloo-helped-gigantic-Indonesian-volcanic-eruption.html,sciencetech
https://www.dailymail.co.uk/sciencetech/article-6088237/New-Equal-Earth-projection-shows-size-continents-accurately.html,sciencetech
https://www.dailymail.co.uk/sciencetech/article-6090635/Facebooks-data-security-app-Onavo-removed-Apples-App-Store.html,sciencetech
https://www.dailymail.co.uk/sciencetech/article-6091615/Sony-unveils-litter-edition-version-Aibo-robot-dog-itll-set-2900.html,sciencetech
https://www.dailymail.co.uk/sciencetech/article-6094273/Metal-detectorist-discovers-one-biggest-Roman-villas-found.html,sciencetech
https://www.dailymail.co.uk/sciencetech/article-6094683/More-two-million-T-Mobile-customers-hit-data-breach-exposed-names-addresses.html,sciencetech
https://www.dailymail.co.uk/sciencetech/article-6095429/Video-shows-amazing-reverse-filter-stops-small-particles-lets-large-ones-through.html,sciencetech
https://www.dailymail.co.uk/sciencetech/article-6103187/Hubble-spots-gigantic-eye-sky-planetary-nebula.html,sciencetech
https://www.dailymail.co.uk/sciencetech/article-6105501/Dolphins-like-humans.html,sciencetech
https://www.dailymail.co.uk/sciencetech/article-6106797/Russia-started-test-Robocop-exo-skeleton-armour.html,sciencetech
https://www.dailymail.co.uk/sciencetech/article-6107381/Physicists-hail-milestone-breakthrough-Higgs-boson.html,sciencetech
https://www.dailymail.co.uk/sciencetech/article-6109561/From-deforestation-lakes-toxic-sludge-building-smartphone-devastates-Earth.html,sciencetech
https://www.dailymail.co.uk/sciencetech/article-6109747/Pictures-capture-stomach-churning-moment-280kg-hooded-seal-inflates-NOSE.html,sciencetech
https://www.dailymail.co.uk/sciencetech/article-6111767/The-raging-battle-Carina-Nebula-Stellar-7-500-light-years-away-home-standoff.html,sciencetech
https://www.dailymail.co.uk/sciencetech/article-6114227/TVs-Nick-Knowles-says-PROVE-King-Arthurs-Camelot-Cirencester.html,sciencetech
https://www.dailymail.co.uk/sciencetech/article-6115199/Zero-emission-unmanned-blimp-like-airships-used-police-spy-people-sky.html,sciencetech
https://www.dailymail.co.uk/sciencetech/article-6115871/SpaceX-installs-bridge-lets-astronauts-walk-Crew-Dragon-rocket.html,sciencetech
https://www.dailymail.co.uk/sciencetech/article-6116493/Mexican-experts-nearly-1-000-year-old-Maya-text-authentic.html,sciencetech
https://www.dailymail.co.uk/sciencetech/article-6116553/When-Fall-arrive-Forecasters-reveal-2018-prediction-map.html,sciencetech
https://www.dailymail.co.uk/sciencetech/article-6119397/The-250-Jurassic-World-robot-raptor-train-just-like-Chris-Pratt-hit-film.html,sciencetech
https://www.dailymail.co.uk/sciencetech/article-6126001/Scientists-hunting-FIFTH-force-nature.html,sciencetech
https://www.dailymail.co.uk/sciencetech/article-6126165/Facebook-face-legal-action-deliberate-failure-protect-children-says-whistleblower.html,sciencetech
https://www.dailymail.co.uk/sciencetech/article-6127277/Scientists-reveal-tactics-people-use-stop-CHEATING.html,sciencetech
https://www.dailymail.co.uk/sciencetech/article-6127351/Planet-Nine-DOES-exist-Eternally-optimistic-astronomers-say-evidence-it.html,sciencetech
https://www.dailymail.co.uk/sciencetech/article-6127417/Children-distinguish-leaders-bullies-age-3.html,sciencetech
https://www.dailymail.co.uk/sciencetech/article-6127459/Oops-Googles-new-Pixel-3-XL-revealed-leaves-Lyft.html,sciencetech
https://www.dailymail.co.uk/sciencetech/article-6127529/AI-software-scans-satellite-images-predicts-residents-overweight.html,sciencetech
https://www.dailymail.co.uk/sciencetech/article-6127585/The-AI-bring-dead-live-help-spot-fake-videos.html,sciencetech
https://www.dailymail.co.uk/sciencetech/article-6127761/US-Russia-fire-blocking-Killer-Robot-rules-backed-conference.html,sciencetech
https://www.dailymail.co.uk/sciencetech/article-6127959/Google-offer-free-AI-tool-spot-child-sex-abuse-images-online.html,sciencetech
https://www.dailymail.co.uk/sciencetech/article-6128021/Trillion-ton-iceberg-cracked-Antarctica-year-spinning-heading-huge-collision.html,sciencetech
https://www.dailymail.co.uk/sciencetech/article-6128185/Need-hand-Bizarre-backpack-extra-set-arms-controlled-remotely.html,sciencetech
https://www.dailymail.co.uk/sciencetech/article-6129051/Sensors-new-California-bridge-record-earthquake-data.html,sciencetech
https://www.dailymail.co.uk/sciencetech/article-6129387/Going-Japan-test-mini-space-elevator.html,sciencetech
https://www.dailymail.co.uk/sciencetech/article-6129497/Robot-boat-sails-history-finishing-Atlantic-crossing.html,sciencetech
https://www.dailymail.co.uk/sciencetech/article-6129601/Russia-says-space-station-leak-deliberate-sabotage.html,sciencetech
https://www.dailymail.co.uk/sciencetech/article-6129709/Amazon-eyes-Chilean-skies-seeks-datamine-stars.html,sciencetech
https://www.dailymail.co.uk/sciencetech/article-6129791/Ready-Kelloggs-rocket-Nasa-astronauts-soon-faces-cereal-packets.html,sciencetech
https://www.dailymail.co.uk/sciencetech/article-6130711/Japanese-hotel-staffed-ROBOTS-features-motion-sensing-dinosaurs.html,sciencetech
https://www.dailymail.co.uk/sciencetech/article-6130939/Its-time-deliver-Samsung-boss-says-firm-FINALLY-launch-foldable-phone-later-year.html,sciencetech
https://www.dailymail.co.uk/sciencetech/article-6130959/Amazon-2nd-US-company-reach-1-trillion-market-value.html,sciencetech
https://www.dailymail.co.uk/sciencetech/article-6131021/Canadian-startup-uses-AI-help-companies-hire-new-talent.html,sciencetech
https://www.dailymail.co.uk/sciencetech/article-6131079/Scientists-invented-way-create-unlimited-renewable-energy.html,sciencetech
https://www.dailymail.co.uk/sciencetech/article-6131203/YouTuber-pulverises-iPhone-X-blender-tries-DRINK-juice.html,sciencetech
https://www.dailymail.co.uk/sciencetech/article-6131229/Mercedes-unveils-electric-car-direct-German-challenge-Tesla.html,sciencetech
https://www.dailymail.co.uk/sciencetech/article-6131349/US-Southwest-set-water-crisis-levels-continue-drop-Lake-Mead-Lake-Powell.html,sciencetech
https://www.dailymail.co.uk/sciencetech/article-6131513/Facebook-building-war-room-headquarters-fend-meddling-midterm-elections.html,sciencetech
https://www.dailymail.co.uk/sciencetech/article-6131711/Coral-bleaching-left-Great-Barrier-Reef-fighting-life-went-deeper-realised.html,sciencetech
https://www.dailymail.co.uk/sciencetech/article-6131745/The-enigma-Mona-Lisa-comes-DISEASE-doctors-claim.html,sciencetech
https://www.dailymail.co.uk/sciencetech/article-6131825/Google-engineer-finds-massive-security-flaw-let-open-keycard-controlled-doors.html,sciencetech
https://www.dailymail.co.uk/sciencetech/article-6132037/The-smartphone-future-Chinese-firm-releases-wearable-phone-wraps-wrist.html,sciencetech
https://www.dailymail.co.uk/sciencetech/article-6132103/Saturns-famous-hexagonal-storm-stretch-HUNDREDS-miles-tower-clouds.html,sciencetech
https://www.dailymail.co.uk/sciencetech/article-6132237/High-speed-solar-winds-smashing-satellites-cause-overload-blow-up.html,sciencetech
https://www.dailymail.co.uk/sciencetech/article-6132275/Instagram-building-standalone-app-called-IG-Shopping-lets-users-buy-products.html,sciencetech
https://www.dailymail.co.uk/sciencetech/article-6132321/Researchers-say-peoples-brains-wired-value-feedback-facts.html,sciencetech
https://www.dailymail.co.uk/sciencetech/article-6133191/Virtual-reality-tour-brings-biblical-era-Jerusalem-life.html,sciencetech
https://www.dailymail.co.uk/sciencetech/article-6133391/Seal-steak-seagrass-Scientists-discover-worlds-known-omnivorous-shark.html,sciencetech
https://www.dailymail.co.uk/sciencetech/article-6133751/Scientists-cell-samples-extinct-40-000-year-old-frozen-foal.html,sciencetech
https://www.dailymail.co.uk/sciencetech/article-6133849/Asteroids-knocked-Earth-miners-drill-precious-resources.html,sciencetech
https://www.dailymail.co.uk/sciencetech/article-6133993/Volvo-reveals-new-robo-taxi-race-autonomy.html,sciencetech
https://www.dailymail.co.uk/sciencetech/article-6134073/Eight-species-bird-including-Rio-star-EXTINCT-decade.html,sciencetech
https://www.dailymail.co.uk/sciencetech/article-6134139/Drive-hackers-spying-millions-Chrome-users-outside-HOMES.html,sciencetech
https://www.dailymail.co.uk/sciencetech/article-6134267/Over-fifth-meat-Britains-restaurants-supermarkets-contains-unspecified-animal-DNA.html,sciencetech
https://www.dailymail.co.uk/sciencetech/article-6134463/Head-turning-violence-helps-tiny-songbirds-kill-big-prey-study.html,sciencetech
https://www.dailymail.co.uk/sciencetech/article-6134587/Security-fears-app-lets-partner-does-leaks-sensitive-records.html,sciencetech
https://www.dailymail.co.uk/sciencetech/article-6134943/Experts-identify-25-genetic-mutations-help-explain-humans-evolved-live-long.html,sciencetech
https://www.dailymail.co.uk/sciencetech/article-6135199/Amazon-orders-20-000-vans-build-delivery-fleet.html,sciencetech
https://www.dailymail.co.uk/sciencetech/article-6135299/Scientists-reveal-spot-sinkhole-swallows-up.html,sciencetech
https://www.dailymail.co.uk/sciencetech/article-6135365/Microplastics-guts-one-six-Red-Sea-fish.html,sciencetech
https://www.dailymail.co.uk/sciencetech/article-6135379/Worlds-largest-working-offshore-wind-farm-opens-Britains-coast.html,sciencetech
https://www.dailymail.co.uk/sciencetech/article-6135441/Burlier-birds-worm-Avian-pecking-order-determined-size-weight.html,sciencetech
https://www.dailymail.co.uk/sciencetech/article-6135811/Snapchat-takes-shot-Spectacles-new-200-frames-feature-sleeker-design.html,sciencetech
https://www.dailymail.co.uk/sciencetech/article-6136035/Uber-launches-new-Ride-Check-feature-uses-AI-detect-theres-car-accident.html,sciencetech
https://www.dailymail.co.uk/sciencetech/article-6136349/Nearly-HALF-young-adults-America-deleted-Facebook-app-past-year.html,sciencetech
https://www.dailymail.co.uk/sciencetech/article-6136503/Endocrine-disrupting-chemicals-detected-DOLPHINS-urine-time.html,sciencetech
https://www.dailymail.co.uk/sciencetech/article-6136587/Apple-wont-launch-iPhone-display-touch-ID-release-XS-MAX-model.html,sciencetech
https://www.dailymail.co.uk/sciencetech/article-6136681/Play-fighting-team-sports-helped-young-hunter-gatherers-learn-skills-lethal-raids.html,sciencetech
https://www.dailymail.co.uk/sciencetech/article-6137663/Facebook-build-1-bn-Singapore-data-centre-Asia.html,sciencetech
https://www.dailymail.co.uk/sciencetech/article-6137927/Physicist-donates-2-3-million-prize-boost-diversity-science.html,sciencetech
https://www.dailymail.co.uk/sciencetech/article-6138001/Enormous-Roman-biscuit-factory-powered-16-water-wheels-used-make-food-sailors.html,sciencetech
https://www.dailymail.co.uk/sciencetech/article-6138003/Wired-Icelanders-seek-remote-peninsula-digital-free.html,sciencetech
https://www.dailymail.co.uk/sciencetech/article-6138063/Have-investigated-FBI-Google-sends-email-notify-affected-Gmail-users.html,sciencetech
https://www.dailymail.co.uk/sciencetech/article-6138177/Twitter-boss-Jack-Dorsey-admits-algorithms-unfairly-filtered-600-000-accounts.html,sciencetech
https://www.dailymail.co.uk/sciencetech/article-6138345/Scientists-discover-worlds-mature-cheese-7-200-year-old-traces-feta-found.html,sciencetech
https://www.dailymail.co.uk/sciencetech/article-6138507/Unique-2-000-year-old-Roman-garden-water-feature-left-rot-car-park-local-authority.html,sciencetech
https://www.dailymail.co.uk/sciencetech/article-6138595/Under-sea-antiquities-make-way-Israels-Leviathan-pipeline.html,sciencetech
https://www.dailymail.co.uk/sciencetech/article-6138643/Nintendo-DELAYS-announcement-new-Switch-3DS-video-games-earthquake.html,sciencetech
https://www.dailymail.co.uk/sciencetech/article-6138771/Apples-upcoming-iPhone-XS-use-USB-C-time.html,sciencetech
https://www.dailymail.co.uk/sciencetech/article-6138829/The-decline-hedgehog-80-UK-countryside-uninhabited-woodland-creatures.html,sciencetech
https://www.dailymail.co.uk/sciencetech/article-6139027/Submerged-ruins-church-heralded-one-Christianitys-important-places-spotted.html,sciencetech
https://www.dailymail.co.uk/sciencetech/article-6139109/British-sports-car-company-Lister-unveils-new-140-000-SUV-hit-speed-200MPH.html,sciencetech
https://www.dailymail.co.uk/sciencetech/article-6139313/A-series-man-eco-islands-floating-hotel-pods-set-UKs-Garden-City.html,sciencetech
https://www.dailymail.co.uk/sciencetech/article-6139575/eBay-clamps-fakes-new-label-verify-second-hand-luxury-watches.html,sciencetech
https://www.dailymail.co.uk/sciencetech/article-6139773/Solar-farms-wind-turbines-Sahara-desert-increase-vegetation-rain-region.html,sciencetech
https://www.dailymail.co.uk/sciencetech/article-6139797/Instagram-rolls-guide-parents-help-talk-kids-safety-online.html,sciencetech
https://www.dailymail.co.uk/sciencetech/article-6140113/Galactic-wind-stops-early-galaxies-blowing-apart-observed-time.html,sciencetech
https://www.dailymail.co.uk/sciencetech/article-6140185/Spotifys-latest-initiative-scoop-independent-artists-threaten-record-labels.html,sciencetech
https://www.dailymail.co.uk/sciencetech/article-6140473/Uber-says-BAN-riders-Australia-New-Zealand-rating-drops-4-stars.html,sciencetech
https://www.dailymail.co.uk/sciencetech/article-6140567/MRI-scans-reveal-differences-beatboxers-guitarists-respond-music.html,sciencetech
https://www.dailymail.co.uk/sciencetech/article-6140733/Lockheed-Martin-offers-250-MILLION-prize-AI-drone-beat-human-pilot.html,sciencetech
https://www.dailymail.co.uk/sciencetech/article-6140905/New-York-scientists-use-new-DNA-tools-identify-9-11-victims.html,sciencetech
https://www.dailymail.co.uk/sciencetech/article-6141027/iRobots-new-Roomba-itll-cost-1-000.html,sciencetech
https://www.dailymail.co.uk/sciencetech/article-6141059/IBM-created-software-using-NYPD-images-search-people-SKIN-COLOR-report-claims.html,sciencetech
https://www.dailymail.co.uk/sciencetech/article-6141255/Fast-evolving-lizards-change-color-single-lifetime-survive-new-environments.html,sciencetech
https://www.dailymail.co.uk/sciencetech/article-6142165/Millennials-lazy-laundry-buy-aerosol-SPRAY-clean-clothes.html,sciencetech
https://www.dailymail.co.uk/sciencetech/article-6142407/Google-unveil-latest-iPhone-X-killer-Pixel-3-smartphone-October-9th.html,sciencetech
https://www.dailymail.co.uk/sciencetech/article-6142571/Woolly-mammoths-went-extinct-weak-bones-study-16-200-year-old-vertebra-suggests.html,sciencetech
https://www.dailymail.co.uk/sciencetech/article-6142643/Does-win-McDonalds-Monopoly-Scientists-work-chances-winning-big.html,sciencetech
https://www.dailymail.co.uk/sciencetech/article-6142705/Humans-not-bots-responsible-spreading-Twitter-conspiracies-Parkland-shooting.html,sciencetech
https://www.dailymail.co.uk/sciencetech/article-6142743/How-moon-got-face-Smile-like-lunar-swirls-created-underground-lava-flows.html,sciencetech
https://www.dailymail.co.uk/sciencetech/article-6142975/Ancient-teeth-skeletons-Anglo-Saxon-children-help-fight-modern-illness.html,sciencetech
https://www.dailymail.co.uk/sciencetech/article-6143045/Neolithic-style-tombs-fashion-5-000-years-UK-runs-space-bury-dead.html,sciencetech
https://www.dailymail.co.uk/sciencetech/article-6143245/Xbox-launches-limited-edition-greaseproof-controller-gamers-like-eat-fried-chicken.html,sciencetech
https://www.dailymail.co.uk/sciencetech/article-6143453/As-Google-turns-20-questions-powerful.html,sciencetech
https://www.dailymail.co.uk/sciencetech/article-6143535/Artificial-Intelligence-develop-racism-own.html,sciencetech
https://www.dailymail.co.uk/sciencetech/article-6143609/Why-dont-people-seats-public-transport.html,sciencetech
https://www.dailymail.co.uk/sciencetech/article-6143691/Sharing-selfies-social-media-makes-women-feel-anxious-attractive.html,sciencetech
https://www.dailymail.co.uk/sciencetech/article-6143709/Elon-Musk-believes-likely-living-simulation.html,sciencetech
https://www.dailymail.co.uk/sciencetech/article-6143769/Using-male-lab-mice-result-drugs-effective-women-men.html,sciencetech
https://www.dailymail.co.uk/sciencetech/article-6143771/Worlds-biggest-online-fetish-community-Whiplr-stores-user-passwords-plain-text.html,sciencetech
https://www.dailymail.co.uk/sciencetech/article-6143821/Curiosity-seflie-reveals-dust-covered-rover-dark-skies-following-massive-Martian-duststorm.html,sciencetech
https://www.dailymail.co.uk/sciencetech/article-6144145/The-brain-processes-irony-emojis-way-does-verbal-communication-study-finds.html,sciencetech
https://www.dailymail.co.uk/sciencetech/article-6144229/Pluto-planet-Astronomers-controversial-demotion-based-disproven-reasoning.html,sciencetech
https://www.dailymail.co.uk/sciencetech/article-6144261/Women-men-restful-sleep-countries-promote-gender-equality.html,sciencetech
https://www.dailymail.co.uk/sciencetech/article-6144431/The-robotic-boy-breathes-bleeds-Researchers-reveal-hyper-real-medical-doll.html,sciencetech
https://www.dailymail.co.uk/sciencetech/article-6144441/Think-two-lenses-impressive-Nokia-handset-prototype-leaks-FIVE.html,sciencetech
https://www.dailymail.co.uk/sciencetech/article-6144487/Scientists-release-highest-resolution-map-Antarctica-made.html,sciencetech
https://www.dailymail.co.uk/sciencetech/article-6144707/Perfectly-preserved-1-000-year-old-spear-dart-Yukons-melting-ice-patches.html,sciencetech
https://www.dailymail.co.uk/sciencetech/article-6144709/Popular-Mac-app-Adware-Doctor-pulled-Apple-revelation-steals-browsing-history.html,sciencetech
https://www.dailymail.co.uk/sciencetech/article-6144775/Amazon-job-ads-reveal-plans-cashierless-store-New-York.html,sciencetech
https://www.dailymail.co.uk/sciencetech/article-6144827/Twitter-testing-radical-redesign-desktop-site-make-look-like-app.html,sciencetech
https://www.dailymail.co.uk/sciencetech/article-6145307/Apple-Inc-bans-Alex-Jones-app-objectionable-content.html,sciencetech
https://www.dailymail.co.uk/sciencetech/article-6149269/Artificial-intelligence-poses-greater-challenge-world-terrorism-scientist-warns.html,sciencetech
https://www.dailymail.co.uk/sciencetech/article-6149305/British-air-taxi-firm-takes-flight-inspired-F1-racing-advances.html,sciencetech
https://www.dailymail.co.uk/sciencetech/article-6150753/Robots-radicalised-commit-MASS-MURDER-badly-coded.html,sciencetech
https://www.dailymail.co.uk/sciencetech/article-6150861/Experts-search-missing-mourning-rings-forged-eccentric-philosopher-Jeremy-Bentham.html,sciencetech
https://www.dailymail.co.uk/sciencetech/article-6151079/The-robot-New-AI-inspect-unfamiliar-object-pick-up.html,sciencetech
https://www.dailymail.co.uk/sciencetech/article-6151107/Wildlife-group-Exotic-pets-trade-activity-rises-Facebook.html,sciencetech
https://www.dailymail.co.uk/sciencetech/article-6151227/Why-trust-gut-instinct-logic.html,sciencetech
https://www.dailymail.co.uk/sciencetech/article-6151379/Medieval-board-game-discovered-secret-chamber-13th-century-Russian-castle.html,sciencetech
https://www.dailymail.co.uk/sciencetech/article-6151627/Enormous-10-000-year-old-skull-antlers-pulled-lake-Ireland.html,sciencetech
https://www.dailymail.co.uk/sciencetech/article-6151647/Greenhouse-emissions-RICE-PADDIES-fuelling-global-warming.html,sciencetech
https://www.dailymail.co.uk/sciencetech/article-6151993/Plastic-packaging-matter-shoppers-PRICE-deciding-buy.html,sciencetech
https://www.dailymail.co.uk/sciencetech/article-6152089/Amazon-wants-workers-CAGES-oversee-robots-bizarre-patent-suggests.html,sciencetech
https://www.dailymail.co.uk/sciencetech/article-6152131/Scared-spiders-Avoid-home-7-35pm-males-prowl-say-experts.html,sciencetech
https://www.dailymail.co.uk/sciencetech/article-6152501/Boring-Company-steers-machine-using-Xbox-controller.html,sciencetech
https://www.dailymail.co.uk/sciencetech/article-6152565/Three-new-ghostly-sea-creatures-discovered-21-000-feet-beneath-sea.html,sciencetech
https://www.dailymail.co.uk/sciencetech/article-6152841/AI-analyzing-telescope-data-discovers-72-new-fast-radio-bursts-billions-light-years-away.html,sciencetech
https://www.dailymail.co.uk/sciencetech/article-6152873/Is-future-Mars-colonies-look-like-Scientists-design-self-sustaining-research-base.html,sciencetech
https://www.dailymail.co.uk/sciencetech/article-6153021/Apple-talking-big-newspapers-joining-Prime-like-subscription-service.html,sciencetech
https://www.dailymail.co.uk/sciencetech/article-6153189/Instagram-takes-page-Facebook-adds-emoji-shortcuts-make-commenting-easier.html,sciencetech
https://www.dailymail.co.uk/sciencetech/article-6153239/Most-teenagers-prefer-text-friends-chat-online-person.html,sciencetech
https://www.dailymail.co.uk/sciencetech/index.rss,sciencetech
https://www.dailymail.co.uk/sport/article-6147993/Sir-Mo-Farah-man-win-Great-North-Run-five-times.html,sport
https://www.dailymail.co.uk/sport/article-6152673/FA-pains-shrug-David-Beckhams-manager-longstanding-deal.html,sport
https://www.dailymail.co.uk/sport/article-6153199/England-boss-Gareth-Southgate-hails-centre-Harry-Maguire-one-best-Europe.html,sport
https://www.dailymail.co.uk/sport/article-6153417/Minnesota-Timberwolves-sign-British-star-Luol-Deng.html,sport
https://www.dailymail.co.uk/sport/boxing/article-6153123/Amir-Khan-keen-fight-Manny-Pacquiao-Kell-Brook-12-months.html,sport
https://www.dailymail.co.uk/sport/cricket/article-6151483/Behind-scenes-video-shows-moment-Englands-players-celebrate-Alastair-Cooks-final-century.html,sport
https://www.dailymail.co.uk/sport/cricket/article-6151507/Alastair-Cook-named-Surreys-best-XI-players-final-Test-Oval.html,sport
https://www.dailymail.co.uk/sport/cricket/article-6152031/Jimmy-Anderson-goes-level-Glenn-McGrath-fourth-highest-wicket-taker-Test-history.html,sport
https://www.dailymail.co.uk/sport/cricket/article-6152221/England-dominate-fourth-day-fifth-Test-against-India-Alastair-Cook-hits-emotional-tonne.html,sport
https://www.dailymail.co.uk/sport/cricket/article-6152561/England-hero-Alastair-Cook-offered-retire-fifth-India-Test.html,sport
https://www.dailymail.co.uk/sport/cricket/article-6152599/BUMBLE-TEST-Cook-reminds-England-sorely-missed.html,sport
https://www.dailymail.co.uk/sport/cricket/article-6152671/Alastair-Cook-left-holding-tears-England-century.html,sport
https://www.dailymail.co.uk/sport/cricket/article-6152973/Alastair-Cook-walks-away-England-people-wanting-more.html,sport
https://www.dailymail.co.uk/sport/cricket/article-6153017/Kevin-Pietersen-tries-build-bridges-Alastair-Cook-congratulating-making-century.html,sport
https://www.dailymail.co.uk/sport/esports/article-6151315/FIFA-19-ratings-100-players-30-21-Mohammed-Salah-receives-upgrade-rated-lower-Isco.html,sport
https://www.dailymail.co.uk/sport/football/article-6117823/Messi-Fabregas-Pique-happened-rest-Barcelonas-Class-87.html,sport
https://www.dailymail.co.uk/sport/football/article-6146659/Pogba-enjoying-break-talking-Manchester-United-amid-strained-Mourinho-relationship.html,sport
https://www.dailymail.co.uk/sport/football/article-6146685/Antonio-Rudiger-claims-Maurizio-Sarris-style-better-predecessor-Antonio-Contes.html,sport
https://www.dailymail.co.uk/sport/football/article-6148375/Man-United-boss-Jose-Mourinho-falls-rope-outside-Wembley-Stadium.html,sport
https://www.dailymail.co.uk/sport/football/article-6148871/England-need-playmaker-James-Maddison-magic-touch-call-Leicester-City-man-up.html,sport
https://www.dailymail.co.uk/sport/football/article-6148977/England-lose-times-feelgood-factor-disappears.html,sport
https://www.dailymail.co.uk/sport/football/article-6149423/Zinedine-Zidane-says-raring-return-work-amid-Man-Utd-links.html,sport
https://www.dailymail.co.uk/sport/football/article-6150163/Dani-Carvajal-sends-Luke-Shaw-message-getting-number-David-Gea.html,sport
https://www.dailymail.co.uk/sport/football/article-6150231/Ramos-opens-aftermath-injuring-Salah-Champions-League-final.html,sport
https://www.dailymail.co.uk/sport/football/article-6150307/Wow-player-Paul-Gascoigne-awe-Thierry-Henry-football-greats-hang-together.html,sport
https://www.dailymail.co.uk/sport/football/article-6150401/Kylian-Mbappes-stats-turning-20-remarkable-rise.html,sport
https://www.dailymail.co.uk/sport/football/article-6150489/Albiol-says-Ronaldo-hard-score-40-goals-Juventus.html,sport
https://www.dailymail.co.uk/sport/football/article-6150501/Jamie-Vardy-makes-time-international-break-Disneyland-Paris.html,sport
https://www.dailymail.co.uk/sport/football/article-6150627/Lionel-Messi-makes-family-time-international-break.html,sport
https://www.dailymail.co.uk/sport/football/article-6150717/Tottenham-reveal-4-5m-Golden-Cockerel-sit-new-stadium.html,sport
https://www.dailymail.co.uk/sport/football/article-6150725/Mourinho-Klopp-Guardiola-managers-fared-early-stages-season.html,sport
https://www.dailymail.co.uk/sport/football/article-6150909/Buffon-Gea-list-nominees-FIFPro-reveal-shortlist-Best-Goalkeeper-award.html,sport
https://www.dailymail.co.uk/sport/football/article-6150925/England-stars-high-spirits-Ben-Chilwell-Demarai-Gray-train-squad-ahead-Switzerland.html,sport
https://www.dailymail.co.uk/sport/football/article-6150937/Ramos-says-Modric-deserves-win-Best-FIFA-award-ahead-Ronaldo.html,sport
https://www.dailymail.co.uk/sport/football/article-6151043/Pogba-Kante-Hazard-included-15-man-midfield-shortlist-place-FIFPros-World-XI.html,sport
https://www.dailymail.co.uk/sport/football/article-6151061/Kieran-Trippier-Kyle-Walker-nominated-FIFPros-World-XI-20-man-shortlist.html,sport
https://www.dailymail.co.uk/sport/football/article-6151115/Alexander-Arnold-calls-Ramos-best-centre-world.html,sport
https://www.dailymail.co.uk/sport/football/article-6151249/Mario-Balotelli-dropped-Italys-UEFA-Nations-League-clash-Portugal.html,sport
https://www.dailymail.co.uk/sport/football/article-6151359/Mohamed-Salah-Harry-Kane-Cristiano-Ronaldo-shortlist-spot-FIFPro-World-XI.html,sport
https://www.dailymail.co.uk/sport/football/article-6151847/Juan-Mata-writes-soon-post-Luke-Shaw-head-injury.html,sport
https://www.dailymail.co.uk/sport/football/article-6151877/Arsenal-star-Mesut-Ozil-linked-shock-January-Fenerbahce.html,sport
https://www.dailymail.co.uk/sport/football/article-6151879/Stephen-Wards-voice-notes-leaked-Roy-Keanes-explosive-rows-Ireland-camp.html,sport
https://www.dailymail.co.uk/sport/football/article-6152017/Manchester-City-paid-25m-Riyad-Mahrez-Chelsea-got-hustled-Real-Madrid.html,sport
https://www.dailymail.co.uk/sport/football/article-6152139/EA-Sports-reveal-Tottenhams-new-stadium-FIFA-19-completed-real-life.html,sport
https://www.dailymail.co.uk/sport/football/article-6152251/Gareth-Southgate-refuses-commit-England-Euro-2020.html,sport
https://www.dailymail.co.uk/sport/football/article-6152617/Scotland-2-0-Albania-Steven-Naismith-bags-brace-Nations-League-quest-great-start.html,sport
https://www.dailymail.co.uk/sport/football/article-6152649/West-Hams-bad-landlords-wasting-money.html,sport
https://www.dailymail.co.uk/sport/football/article-6152757/England-boss-Gareth-Southgate-happy-Switzerland-without-Harry-Kane.html,sport
https://www.dailymail.co.uk/sport/football/article-6152805/Portugal-1-0-Italy-Andre-Silva-scores-Fernando-Santos-perfect-start-Nations-League.html,sport
https://www.dailymail.co.uk/sport/football/article-6152885/Alastair-Cook-purred-glorious-day-England.html,sport
https://www.dailymail.co.uk/sport/football/article-6152915/England-U21s-boss-Aidy-Boothroyd-unleashes-Mason-Mount.html,sport
https://www.dailymail.co.uk/sport/football/article-6152947/Irish-FA-ignore-calls-scrap-Northern-Irelands-match-Israel.html,sport
https://www.dailymail.co.uk/sport/football/article-6152957/Sergio-Ramos-gear-World-Cup-finalists-Croatia-Nations-League-clash.html,sport
https://www.dailymail.co.uk/sport/football/article-6153071/Blackpool-Terry-McPhillips-permanent-boss-12-month-rolling-contract.html,sport
https://www.dailymail.co.uk/sport/football/article-6153075/Tottenham-star-Lucas-Moura-endorses-Brazilian-politician-Jair-Bolsonaro.html,sport
https://www.dailymail.co.uk/sport/football/article-6153093/Emre-Akbabas-brace-helps-Turkey-beat-Sweden-Aleksandar-Mitrovic-strikes-Serbia.html,sport
https://www.dailymail.co.uk/sport/football/article-6153147/Christian-Eriksen-keen-replicate-stunning-Denmark-form-Tottenham-ahead-visit-Liverpool.html,sport
https://www.dailymail.co.uk/sport/football/article-6153163/Gareth-Bale-insists-Wales-ups-says-react-matters.html,sport
https://www.dailymail.co.uk/sport/football/article-6153171/Manchester-United-advertise-post-new-recruitment-analyst.html,sport
https://www.dailymail.co.uk/sport/football/article-6153187/Kasper-Schmeichel-says-Leicester-big-statement-tying-Harry-Maguire-new-deal.html,sport
https://www.dailymail.co.uk/sport/football/article-6153215/Jurgen-Klopp-oversees-Liverpool-training-Melwood-stars-away-international-duty.html,sport
https://www.dailymail.co.uk/sport/football/article-6153231/Alex-McLeish-praises-match-winner-Steven-Naismith-selecting-ahead-Leigh-Griffiths.html,sport
https://www.dailymail.co.uk/sport/football/article-6153249/Diego-Maradona-faces-Mexican-media-unveiled-boss-Dorados-Sinaloa.html,sport
https://www.dailymail.co.uk/sport/football/article-6153273/Neymar-finalise-preparations-training-Brazil-ready-El-Salvador.html,sport
https://www.dailymail.co.uk/sport/football/article-6153327/Bolton-facing-administration-12-point-deduction.html,sport
https://www.dailymail.co.uk/sport/football/article-6153329/Luke-Shaw-returns-Manchester-United-assessment.html,sport
https://www.dailymail.co.uk/sport/golf/article-6150573/Rory-McIlroy-Ryder-Cup-spirit-prank-Team-Europe-captain-Thomas-Bjorn.html,sport
https://www.dailymail.co.uk/sport/golf/article-6152439/Justin-Rose-English-golfer-world-No-1-Luke-Donald-2012.html,sport
https://www.dailymail.co.uk/sport/golf/article-6153345/Tony-Finau-named-final-member-Ryder-Cup-team.html,sport
https://www.dailymail.co.uk/sport/index.rss,sport
https://www.dailymail.co.uk/sport/nfl/article-6151209/NFL-round-week-one-Tom-Brady-song-New-England-Patriots-beat-Houston.html,sport
https://www.dailymail.co.uk/sport/othersports/article-6148275/Romano-Fenati-dangerously-tries-grab-brake-Stefano-Manzis-bike-San-Marino-MotoGP.html,sport
https://www.dailymail.co.uk/sport/othersports/article-6150521/A-look-chequered-past-Fenati-shocked-world-pulling-rivals-brakes.html,sport
https://www.dailymail.co.uk/sport/othersports/article-6151663/Romano-Fenati-apologises-sacked-Marinelli-Snipers-pulling-rivals-brake-race.html,sport
https://www.dailymail.co.uk/sport/racing/article-6152729/Robin-Goodfellows-racing-tips-Best-bets-Tuesday-September-11.html,sport
https://www.dailymail.co.uk/sport/racing/article-6152909/Maid-added-line-St-Leger-cost-50-000.html,sport
https://www.dailymail.co.uk/sport/racing/article-6153143/Huntingdon-racecourse-caught-fire-drama.html,sport
https://www.dailymail.co.uk/sport/rugbyunion/article-6147163/Fire-breaks-Premiership-rugby-match-Baths-Recreation-Ground.html,sport
https://www.dailymail.co.uk/sport/rugbyunion/article-6148909/Manu-Tuilagi-delivers-timely-nudge-England-head-coach-Eddie-Jones.html,sport
https://www.dailymail.co.uk/sport/rugbyunion/article-6150675/New-Zealands-Te-Toiroa-Tahuriorangi-watches-family-perform-haka-him.html,sport
https://www.dailymail.co.uk/sport/rugbyunion/article-6153133/World-Cup-2019-host-20-teams-plans-possible-increase-tournament-size.html,sport
https://www.dailymail.co.uk/sport/rugbyunion/article-6153267/Brad-Shields-plate-inserted-face-four-weeks.html,sport
https://www.dailymail.co.uk/sport/sportsnews/article-6150863/Saint-Etienne-confirm-death-defender-William-Gomis-shot-dead-age-19.html,sport
https://www.dailymail.co.uk/sport/sportsnews/article-6151193/Sky-Sports-25-seconds-England-game-black-white-honour-Kick-Out.html,sport
https://www.dailymail.co.uk/sport/tennis/article-6147775/FULL-TRANSCRIPT-Serena-Williams-entire-outburst-Open-final.html,sport
https://www.dailymail.co.uk/sport/tennis/article-6147833/Serena-Williams-Open-outburst-one-long-line-controversy.html,sport
https://www.dailymail.co.uk/sport/tennis/article-6148835/This-wasnt-MeToo-just-Sexism-No-Serena-Williams-rightly-punished.html,sport
https://www.dailymail.co.uk/sport/tennis/article-6149027/Naomi-Osaka-set-one-sports-highest-earners-Open-win.html,sport
https://www.dailymail.co.uk/sport/tennis/article-6149051/You-defend-indefensible-two-people-wronged-Saturday-neither-Williams.html,sport
https://www.dailymail.co.uk/sport/tennis/article-6149189/Novak-Djokovic-beats-Juan-Martin-del-Potro-win-Open-mens-singles-title.html,sport
https://www.dailymail.co.uk/sport/tennis/article-6150027/WTA-chief-backs-Serena-Williams-claims-sexism-Open-final.html,sport
https://www.dailymail.co.uk/sport/tennis/article-6152311/Novak-Djokovic-hands-donuts-visits-museum-does-floss-Open-trophy-tour.html,sport
https://www.dailymail.co.uk/sport/tennis/article-6152383/Novak-Djokovic-empathises-umpire-Serena-Williams-doesnt-believe-sexism-play.html,sport
https://www.dailymail.co.uk/tvshowbiz/article-6045809/ITS-FRIDAY-FILM-Meet-mega-Jaws-chased-tough-guy-Jason-Statham-says-BRIAN-VINER.html,tvshowbiz
https://www.dailymail.co.uk/tvshowbiz/article-6045855/ITS-FRIDAY-FILM-Wham-bam-thank-John-Hamm-gripping-Negotiator-says-BRIAN-VINER.html,tvshowbiz
https://www.dailymail.co.uk/tvshowbiz/article-6092859/ITS-FRIDAY-MUSIC-Autumn-bonanza-Prince-Cher-Macca-leading-way-upcoming-releases.html,tvshowbiz
https://www.dailymail.co.uk/tvshowbiz/article-6092999/Spike-Lees-tale-racism-1970s-America-cracking-movie-says-TOBY-YOUNG.html,tvshowbiz
https://www.dailymail.co.uk/tvshowbiz/article-6112011/BRIAN-VINER-reviews-Man-star-Claire-Foy-reigns-supreme-red-carpet.html,tvshowbiz
https://www.dailymail.co.uk/tvshowbiz/article-6116169/BAZ-BAMIGBOYE-New-Downton-Abbey-film-star-Jim-Carter-Imelda-Staunton.html,tvshowbiz
https://www.dailymail.co.uk/tvshowbiz/article-6116171/BAZ-BAMIGBOYE-Sophie-Cookson-portray-party-girl-Christine-Keeler-Profumo-Affair-drama.html,tvshowbiz
https://www.dailymail.co.uk/tvshowbiz/article-6116775/Queen-Olivia-right-royal-hoot-BRIAN-VINER-reviews-Colemans-new-film.html,tvshowbiz
https://www.dailymail.co.uk/tvshowbiz/article-6141327/BRIAN-VINER-Puzzle-real-charmer.html,tvshowbiz
https://www.dailymail.co.uk/tvshowbiz/article-6141333/BAZ-BAMIGBOYE-Kidman-ditches-glamour-drug-addled-Los-Angeles-deputy-sheriff.html,tvshowbiz
https://www.dailymail.co.uk/tvshowbiz/article-6141367/Emma-Stones-beef-ripe-royal-role-gorgeously-outrageous-film-Favourite.html,tvshowbiz
https://www.dailymail.co.uk/tvshowbiz/article-6151973/Rose-McGowan-insists-no-stake-fight-against-Harvey-Weinstein-GQ-interview.html,tvshowbiz
https://www.dailymail.co.uk/tvshowbiz/article-6152853/Nicki-Minaj-breaks-silence-Cardi-B-fight-says-humiliated-mortified.html,tvshowbiz
https://www.dailymail.co.uk/tvshowbiz/article-6152913/Love-Islands-Alexandra-Cane-shows-curves-white-bikini.html,tvshowbiz
https://www.dailymail.co.uk/tvshowbiz/article-6152987/CBB-final-Chloe-Ayling-endures-awkward-reunion-Jermaine-Pennant.html,tvshowbiz
https://www.dailymail.co.uk/tvshowbiz/article-6153009/Celebrity-Big-Brother-Gabby-Allen-discusses-friendly-relationship-Dan-Osborne-eviction.html,tvshowbiz
https://www.dailymail.co.uk/tvshowbiz/article-6153269/TV-Choice-Awards-Ant-Dec-win-big-despite-no-amid-McPartlins-personal-woes.html,tvshowbiz
https://www.dailymail.co.uk/tvshowbiz/article-6153325/Celebrity-Big-Brother-Ryan-Thomas-young-family-members-support.html,tvshowbiz
https://www.dailymail.co.uk/tvshowbiz/article-6153419/CBB-final-Lucy-Mecklenburgh-beams-supports-beau-Ryan-Thomas-following-win.html,tvshowbiz
https://www.dailymail.co.uk/tvshowbiz/index.rss,tvshowbiz
